<?xml version="1.0" encoding="utf-8"?>
<modification>
    <name>SMTP fix</name>
    <code>hdden_smtp_fix</code>
    <version>1.0 3.0.x</version>
    <author>HDDen</author>
    <link>https://github.com/HDDen</link>

    <file path="system/library/mail/smtp.php"> 
        <operation error="skip">
            <search><![CDATA[public function send() {]]></search>
            <add position="before"><![CDATA[ 

	public function str_split_word_aware($string, $maxLengthOfLine = 100){
		
		$lines = [];
		$words = explode(' ', $string);

		$currentLine = '';
		$lineAccumulator = '';
		foreach ($words as $currentWord) {

			$currentWordWithSpace = sprintf('%s ', $currentWord);
			$lineAccumulator .= $currentWordWithSpace;
			if (strlen($lineAccumulator) < $maxLengthOfLine) {
				$currentLine = $lineAccumulator;
				continue;
			}

			$lines[] = $currentLine;

			// Overwrite the current line and accumulator with the current word
			$currentLine = $currentWordWithSpace;
			$lineAccumulator = $currentWordWithSpace;
		}

		if ($currentLine !== '') {
			$lines[] = $currentLine;
		}

		return $lines;
	}

            ]]></add>
        </operation>

        <operation error="skip">
            <search><![CDATA[$results = str_split($line, $length);]]></search>
            <add position="replace"><![CDATA[ 

				$line = trim($line);
				$results = [];

				if (method_exists($this, 'str_split_word_aware')){
					$results = $this->str_split_word_aware($line, $length);
					foreach ($results as &$r_val) {
						$r_val = trim($r_val);
					}
				} else {
					$results = str_split($line, $length);
				}

            ]]></add>
        </operation>
    </file>

</modification>